<?xml version="1.0" encoding="UTF-8"?>
<!DOCTYPE configuration
  PUBLIC "-//mybatis.org//DTD Config 3.0//EN"
  "http://mybatis.org/dtd/mybatis-3-config.dtd">
<configuration>

	<typeAliases>
		<typeAlias type="com.pet.ft.dto.MemberDto" alias="MemberDto" />
	</typeAliases>

	<environments default="development">
	  <environment id="development">
	    <transactionManager type="JDBC"/>
	    <dataSource type="POOLED">
	      <property name="driver" value="oracle.jdbc.driver.OracleDriver"/>
	      <property name="url" value="jdbc:oracle:thin:@qclass.iptime.org:1521:xe"/>
	      <property name="username" value="big3semi03"/>
	      <property name="password" value="semi03"/>
	    </dataSource>
	  </environment>
	</environments>
  <mappers>
    <mapper resource="com/pet/ft/db/pet_mapper.xml"/>
  </mappers>
</configuration>