<?xml version="1.0" encoding="UTF-8"?>
<!DOCTYPE mapper
  PUBLIC "-//mybatis.org//DTD Mapper 3.0//EN"
  "http://mybatis.org/dtd/mybatis-3-mapper.dtd">
  <mapper namespace="com.pet.ft.mapper">
  
  	<resultMap type="MemberDto" id="memberListMap">
  		<result property="member_no" column="MEMBER_NO"/>
  		<result property="member_name" column="MEMBER_NAME"/>
  		<result property="member_id" column="MEMBER_ID"/>
  		<result property="member_pw" column="MEMBER_PW"/>
  		<result property="member_email" column="MEMBER_EMAIL"/>
  		<result property="member_phone" column="MEMBER_PHONE"/>
  		<result property="member_role" column="MEMBER_ROLE"/>
  		<result property="member_address" column="MEMBER_ADDRESS"/>
  	</resultMap>
  
  	<select id="totalMember" resultType="int">
  		SELECT COUNT(*) FROM MEMBER
  	</select>
  	
  	<select id="memberList" resultMap="memberListMap" >
  		SELECT MEMBER_NO, MEMBER_NAME, MEMBER_ID, MEMBER_EMAIL, MEMBER_ROLE, MEMBER_PHONE, MEMBER_ADDRESS
  		FROM MEMBER
  		ORDER BY MEMBER_NO DESC
  	</select>
  	
  	
  </mapper>